latency,packet_loss,cpu_usage,memory_usage,failure
54.96714153011233,3.399355436586002,49.87232587538428,45.921924421226095,0
48.61735698828815,2.924633682912769,57.83221993926723,56.39614989220498,0
56.47688538100692,2.0596303699201743,48.11370118500058,60.863944665783556,0
65.23029856408026,1.353063222294426,55.38057705541439,83.8768765734019,0
47.658466252766644,2.69822331361359,31.595779995693213,70.56553124533758,0
47.6586304305082,2.3934853854217497,63.19940561059408,51.64518430900109,0
65.79212815507391,2.8951932200277324,60.01808213043336,69.86036289417638,0
57.67434729152909,2.6351718016819694,47.74367053397714,49.52696011061634,0
45.30525614065048,3.049552715319335,69.88868502648607,75.82691053887073,0
55.42560043585965,1.4647647884394321,74.06355206439838,60.28875348182122,0
45.365823071875376,3.3173940656343257,35.88660203446538,64.06363811260829,0
45.34270246429743,2.1975996046923996,48.55912832150679,78.2579664754219,0
52.41962271566034,4.0752608726252655,48.46286475319053,52.1283643141575,1
30.86719755342202,1.3108121819104321,45.90145348336703,51.02881814887009,0
32.75082167486967,3.7359638031652493,72.44212262897622,59.16400673653995,0
44.37712470759027,2.197910783462648,57.09260791840795,75.38378851019317,0
39.87168879665576,1.3485819963855517,56.03227738034084,49.806539245231576,0
53.142473325952736,1.5161141659456785,29.942064533898698,36.67844401889431,0
40.91975924478789,1.6796526918056798,69.53127045313839,60.488411415910015,0
35.87696298664709,2.4241659464019163,41.41112407719791,70.51740799910921,0
64.65648768921554,2.5228354880354997,60.89898945399492,77.00261749738829,0
47.74223699513465,1.426299996061421,64.16065406937288,60.36838637914601,0
50.67528204687924,1.975645407739017,80.40987893757976,60.885733928839976,0
35.75251813786544,4.142270358611864,40.367694013213324,76.53900734255747,1
44.556172754748175,3.727543170100711,14.707317662687622,46.3025830030458,0
51.10922589709866,2.436323669674032,62.75774317130542,61.114792248169906,0
38.490064225776976,2.0380034781682004,87.0076677226628,66.90423889925057,1
53.75698018345672,2.1200313267182613,78.58419529409156,69.49218721285034,0
43.99361310081195,2.6135179727304165,63.14489122911939,59.901933068091175,0
47.083062502067236,0.9772074348015944,52.62545721551929,65.34441011705842,0
43.98293387770603,1.7426234625766548,72.10683894955966,40.1167264658701,0
68.52278184508938,0.33141592612241055,45.39680700443297,58.41751587666152,0
49.86502775262066,2.3992231226052794,67.14536654034329,69.53508712554468,0
39.422890710440996,2.647195939702741,67.5820523874994,55.177059657453206,0
58.225449121031886,1.516813537700626,75.90314861248319,65.58984221589597,0
37.791563500289776,3.5739867632900326,101.39490058366616,69.46872500802698,1
52.08863595004755,0.7742343369976588,65.88623950768151,61.57450799142235,0
30.403298761202244,0.5356251197901798,52.36554561438752,66.70463770996571,0
36.71813951101569,2.224451818559972,59.616385317120084,55.372674347153875,0
51.96861235869123,3.0470983026121545,33.46386142666323,62.93388720303953,0
57.38466579995411,3.6839276914578685,49.579303033664125,71.10216169589222,0
51.7136828118997,1.54111573713106,53.86076342830344,66.56972960968434,0
48.843517176117594,3.078680833431296,52.138674030981115,59.13468730436065,0
46.98896304410711,1.9614915304992928,62.28532308050583,67.24216404290793,0
35.214780096325725,1.8273727000591804,47.66370101426699,72.14609790636618,0
42.801557916052914,2.8836599374866725,76.81546000986707,44.50058721422522,0
45.393612290402125,2.6523228784134196,60.00310597377295,76.59074064955898,0
60.57122226218915,0.4236078430157506,59.860495182920786,61.63745261318928,0
53.43618289568462,3.4765403497258958,55.081579252306234,69.2548993324023,0
32.36959844637266,3.3800913541474515,62.32786025788469,76.97246923645228,0
53.24083969394795,1.3744372984904705,72.37647397001452,51.28326302769534,0
46.149177195836835,2.395803533437409,46.9930467643365,57.90558997572453,0
43.23077999694041,2.494030186282739,50.12825266387115,62.11451304124295,0
56.11676288840868,2.260673765823907,55.44410956835003,57.16246478875571,0
60.30999522495951,1.4496948461545798,39.811936147901775,82.34936575836808,0
59.31280119116199,1.3283766320619486,47.71113210417754,56.432279061732075,0
41.607824767773614,1.9744459290085548,52.85668689683011,59.44453220513133,0
46.907876241487855,3.1727290192593647,73.11583771069091,67.04389031602977,0
53.31263431403564,2.5436001545944324,63.938419935028875,52.97850473923911,0
59.75545127122359,1.629385667913894,62.90384867051316,61.04319288243736,0
45.2082576215471,2.771698710648345,72.76346943251959,68.17453261250175,0
48.14341023336183,-0.8485426206300755,57.93942317400905,61.67139595617489,0
38.93665025993972,3.1487657003721035,65.85697274893334,64.06613141100051,0
38.037933759193294,0.26028622122190037,58.451673706012556,59.70667887551629,0
58.125258223941984,1.6375590585968678,63.980435240994424,49.85529690819233,0
63.56240028570823,0.8803301053738561,51.25862013582627,68.21593211339238,0
49.27989878419666,0.7053185242790942,23.417742625853563,82.54933071647241,0
60.03532897892024,3.1608267873785194,57.985812567205436,65.18401630783438,0
53.61636025047634,1.5322987986881087,81.3412220414991,67.25264117247549,0
43.54880245394876,2.346503881730716,73.89323103362389,71.9272275511686,0
53.61395605508414,1.953079421120816,74.48096226886756,52.30669503453301,0
65.38036566465969,2.4770408272231217,78.54196082709326,82.02514658129606,0
49.64173960890049,2.076821891060255,61.32986386442156,67.02328796422802,0
65.64643655814007,0.7170077758114304,62.959735611083936,81.3185689908911,0
23.802548959102555,2.99626681944714,50.73522156848475,57.66967004476011,0
58.21902504375224,1.5062434168386876,55.25890715959425,83.18061922557825,0
50.870470682381715,0.44341810134024895,69.23656724656712,72.75155494034783,0
47.009926495341325,1.5718848390340874,78.05826655753225,70.53040085852358,0
50.91760776535502,3.500759790634311,57.90830586478501,67.34024454353148,0
30.124310853991073,2.8502217421134928,53.24716102722883,62.514713819255505,0
47.80328112162488,1.6513478655921408,60.00791938284896,77.00531658473872,0
53.57112571511746,1.6507422956815712,69.01810123393672,66.40359869848047,0
64.77894044741517,1.6783649487826173,38.34217775799687,45.32930296412847,0
44.81729781726352,4.076747983560841,25.557285702941428,53.82813538292997,1
41.91506397106812,2.3819354522315535,51.74194725762625,63.14154247807253,0
44.982429564154636,2.4300416471910697,41.689313611287616,68.09998983165555,0
59.15402117702074,3.030283454031842,52.37789703529034,64.43411511100105,0
53.287511096596845,2.2387891590265134,57.78329521773793,77.18970789793663,0
44.70239796232961,1.740957854179297,53.2012738646548,45.48898135961375,0
55.13267433113356,1.8036501509150218,81.78701301706118,66.4358793650516,0
50.9707754934804,1.928398740585936,64.90117146903481,46.82020774612845,0
59.68644990532889,1.9627777634901584,64.50711539416243,72.59712295484168,0
42.979469061226474,2.7276295436369797,69.33310716065102,64.05541285557997,0
46.723378534022316,2.0519458858072994,42.917503233288464,69.19609972024118,0
46.078918468678424,2.732640077215579,75.58667681130403,56.36117039410234,0
35.364850518678814,1.9192834198914177,58.863535701968104,77.7946493165775,0
52.96120277064576,2.0786351903160907,70.05720925861819,75.41724664058852,0
52.610552721798896,0.0017993154678923595,43.92214150439767,70.83544303011888,0
50.05113456642461,2.9163276747024813,36.693618509759034,63.704827531365595,0
47.65412866624853,2.346488475897993,72.26834487037543,70.79857285295132,0
35.84629257949586,2.9980101098596523,65.64614289146274,57.93107432012651,0
45.79354677234641,-0.8962553781936893,46.46922668463735,73.55555659020712,0
46.572854834732304,4.088374704780728,46.95505378087958,81.4948089432392,1
41.97722730778381,1.8604103718448262,76.88152176622154,75.70610559979187,0
48.387142883339905,3.1081828167375165,42.15882160699008,57.70397530192591,0
54.040508568145384,0.9600940728744691,84.64009429883944,68.61417317273103,0
68.8618590121053,2.6127739050625696,46.49068898028197,52.06858456241352,0
51.74577812831839,0.9465844368263439,69.57587888412574,70.72390311175675,0
52.57550390722764,1.3762310393041948,55.07072286376523,69.50603412862539,0
49.25554084233833,3.914031353866786,69.04781146623515,46.30183660467836,0
30.812287847009586,1.8093175992366535,51.838289968287114,53.38216156087636,0
49.73486124550783,2.217432873179723,57.558106408915584,62.16861103256233,0
50.60230209941027,2.870067730688754,60.61378763093582,61.991402528591735,0
74.63242112485287,2.4956818879726046,44.96718816327791,52.90523064581195,1
48.076390352188774,2.1504189051435763,71.11236518130188,68.88978729352183,0
53.015473423336125,2.3649610024662255,52.30179650292622,67.51473608940512,0
49.65288230294757,4.403415585238275,56.571001269899725,63.05730868021481,1
38.31321962380468,1.9423812029664147,45.08475938087231,57.44208499841637,0
61.42822814515021,2.2010990467149676,21.564995118070343,75.48707126416564,0
57.519330326867745,3.0506543960076122,57.13458356099746,81.55407113088296,0
57.910319470430466,3.105525932957984,96.18923132419374,60.16438516153463,1
40.906125452052606,3.18703030556038,71.76906431847036,58.878330828451794,0
64.02794310936099,2.6387302220291846,59.71109430398408,69.91207665411996,0
35.98148937207719,0.8569950872695165,56.05663756187599,61.419706202530136,0
55.868570938002705,3.633431532301096,60.33698839218069,63.60602799336766,0
71.90455625809979,0.853654606981312,68.20678672762816,72.39653151724671,1
40.09463674869312,2.302635465239033,42.28780777036732,45.906439124927076,0
44.33702270397228,1.2457241499806422,76.71482542003308,78.1830232485267,0
50.99651365087641,1.9358616534070074,70.73071973161866,65.72680524329341,0
44.96524345883801,2.3287624103034803,70.77278588561902,60.8850685543782,0
34.493365689338674,2.321357215450273,66.57713608214591,64.1076584577855,0
50.68562974806027,2.421920754235285,60.294249865409846,64.62429355020518,0
39.37696286273895,3.613711269058647,70.09291853950229,47.68798696555075,0
54.73592430635182,2.45353430151398,68.87721200612067,79.94938227453235,0
40.80575765766197,1.7558433647093512,54.68938933588464,65.41325632270619,0
65.4993440501754,2.964087168288357,51.39597340654649,69.43002130447375,0
42.16746707663763,3.1894704889246404,61.527844428929804,74.51549770574043,0
46.77938483794324,0.7723921848630075,83.23530227242782,54.788375424396996,0
58.135172173696695,2.597400069849858,41.41339386519149,69.73471899035229,0
37.69135683566045,2.701172742310898,37.9871210137134,62.32358909101207,0
52.27459934604129,1.702436496640008,62.47141261854775,73.46770775216494,0
63.07142754282428,3.3757068133116195,60.76331552784027,43.727725796485046,0
33.92516765438772,1.8499444129674734,62.60012496555612,64.00905699758731,0
51.84633858532304,2.1255764534715422,63.659297968627506,58.97179344216038,0
52.598827942484235,1.8269281757161304,56.65196618047792,69.32262950634156,0
57.8182287177731,2.0155790475814674,82.34795157903123,69.70044187368202,0
37.63049289121918,0.9037249131047982,35.98644032285227,57.92374105177974,0
36.795433869157236,0.5599491174057056,47.57254462829631,57.87826135823956,0
55.21941565616898,3.594505063224972,58.45117859776429,63.89334631442671,0
52.96984673233186,1.1530386516816722,35.35216783268749,56.033577726847916,0
52.504928503458764,1.0086076505436927,57.362183933518935,73.41983695452127,0
53.46448209496975,-0.1533901136037148,84.92205248592028,61.30792799552554,0
43.19975278421509,1.3610382523104978,60.313297324439425,35.930117806783585,0
52.322536971610035,0.6769102065925017,63.460513585780255,61.25177943378194,0
52.93072473298681,3.642015160136369,41.097528522411295,54.61456179156028,0
42.85648581973632,3.009817089342634,50.75457887940784,48.687241845390545,0
68.65774511144757,1.3118496548222762,54.37205429514094,52.62573361777427,0
54.73832920911788,4.252435805344309,55.23427354865649,66.0940847183297,1
38.08696502797351,2.9817654869915944,79.22465692505654,78.28640828248231,0
56.5655360863383,1.6751686164913775,68.36536591087687,68.1318447386498,0
40.253183297726785,-0.4994057148735731,43.32813064594452,58.934966117842606,0
57.87084603742452,4.290942572590742,63.697571676480074,69.55904195170703,1
61.58595579007404,0.610427533236404,67.47332622745178,60.40909689781008,0
41.7931768164829,0.3546012530431082,77.102235577819,58.05399630836855,0
59.63376129244322,3.0225704320096405,83.70811029852561,53.456373317670156,0
54.12780926936498,4.439752406339273,44.77358712258197,47.48171193248281,1
58.2206015999449,3.384272818510518,47.83713733184493,61.100762934405545,0
68.96792982653947,2.56390912005236,41.136332116280755,66.58053489920133,0
47.54611883997129,2.594754341665286,56.48970211339528,64.0337632998511,0
42.4626383564251,2.853415558780308,66.99537561669501,60.84033072052641,0
41.10485570374477,2.7589285897867653,74.81001774883653,55.542539393032186,0
41.841897150345616,2.281191423969376,58.86073464536216,71.08246191684968,0
49.228982905858956,2.104201103951876,55.202287151177345,51.82868080053415,0
53.41151974816644,1.9374068721004776,62.27636988373111,72.76027913843475,0
52.766907993300194,1.2460354111333238,47.472856475549655,54.97782981073275,0
58.27183249036024,1.719324923133226,91.3430808254216,57.47564762646965,1
50.13001891877907,0.30704318580461454,35.885084593229124,50.33214809384323,0
64.53534077157317,1.9016603732052502,62.77110868343587,59.98597853114363,0
47.35343166762044,1.0114088928490825,90.35409328844459,74.75312458477978,1
77.20169166589619,0.8964106827842291,60.10199766839997,70.15628088443957,1
56.25667347765006,2.1798941511534786,57.14941447497758,74.78422112028035,0
41.42842443583717,3.3920022863445993,54.63831865784359,70.22142545933936,0
39.29107501938888,2.918316606002313,57.29412477356388,53.96330171469631,0
54.824724152431855,0.429499396376823,80.59272712014796,61.692107756724425,0
47.76537214674149,1.0103718634296626,26.822071330057398,57.19800870882537,0
57.14000494092092,2.940771187988216,83.00150551944489,78.3057490403904,0
54.73237624573545,1.0175126064616904,38.64064271324783,53.03211353573688,0
49.271710873431275,1.7753668500029753,56.00021506148378,73.93697689389111,0
41.532062819315954,2.550052099024552,53.56133369552008,73.9295387010877,0
34.851527753141355,1.0316555451363647,68.8282990465608,83.29620201716088,0
45.53485047932979,2.10537550614596,36.02813472174378,60.903134073705026,0
58.56398794323472,0.6659745050817956,66.93258999122914,72.12322159580162,0
52.14093744130204,1.3986323560487863,90.36464434930278,87.81651836538842,1
37.542612212880115,2.319781934142537,39.55238993110784,58.82358323066303,0
51.73180925851182,0.4070062664683307,62.84559251415593,49.6495975246764,0
53.85317379728837,2.440474737960399,50.070267333050865,46.19989966092236,0
41.16142563798867,1.9803622010733188,66.38830809289554,72.12712028861331,0
51.53725105945528,2.5524899544171475,60.28721666123628,46.168497919414165,0
50.58208718446,2.2239141340646613,50.37769636433536,61.27680947062077,0
38.57029702169377,3.364140429973844,67.3180842730661,69.37313187038961,0
53.577873603482836,2.125224502647907,87.06522164680115,66.85175536829914,1
55.60784526368234,1.570594458874747,57.13644312409052,69.25444864184172,0
60.830512431752766,2.122297503032284,70.79636913222274,67.22289855800854,0
60.53802052034903,2.543298029036388,40.60090563193255,77.78865813313394,0
36.22330632042909,2.0488600703257043,45.65345434772987,55.476836192612026,0
40.62174960084877,2.040591691203882,67.08609416820566,58.23004861541469,0
55.1503526720866,1.2980083121932446,82.26174042803947,57.27340554729176,0
55.13785950912209,1.3370990824490518,65.3342002317849,73.3019181186261,0
55.150476863060476,0.5973947282003065,55.30412954215269,74.00398588395063,0
88.52731490654722,3.7495767431869393,59.98937108135031,69.51225319318507,1
55.70890510693167,0.7561367646087149,41.243883990454236,76.83493666889927,0
61.35565640180599,1.3070948022040927,69.0677298953305,53.21959132623619,0
59.54001763493203,1.2815927344308027,73.23499593485114,81.67224111551137,0
56.51391251305798,2.8949243769444415,53.218645007503795,80.23238621712258,0
46.84730755359654,1.7050503217079722,52.94936778360748,72.35621997245747,0
57.589692204932675,3.247742072673734,63.98817344478073,82.8179890877106,0
42.27174785462428,1.3265093757561315,53.44920395939107,48.43376792322226,0
47.63181393259991,2.278994162223802,59.008010780612665,59.755518637373484,0
45.14636452170897,1.1646529467402427,91.49582683749773,57.64696539318048,1
50.81874139386323,4.145149127773388,56.29461448881005,72.21479323757343,1
73.14658566673509,0.8124015809704872,54.62489771968167,54.498592603978544,1
31.32734807408252,2.3098207102270276,50.286872915472614,72.57495149337485,0
56.86260190374514,2.6337768809320985,71.16287957249905,78.70536143996713,0
33.87284128810349,2.4137990974514985,57.28163740172845,71.95202900084,0
45.280681342105666,1.8147123411222916,50.25940442517861,67.83751023661502,0
60.889505969673664,1.8701793002665739,79.81956048409518,55.121266590992505,0
50.64280019095463,2.0438114719791094,81.29404506770456,56.53149033874635,0
39.22255222070694,1.8529979983715115,50.99364651391942,77.49618905296667,0
42.84696290740032,2.9638791167949097,32.00190072959076,72.79349003905332,0
56.79597748934676,4.210523001591351,75.11270534755383,64.60980480622456,1
42.69633368282864,1.4425082149921664,49.73055261359994,60.8209045423411,0
52.16458589581975,0.6301970204209222,71.85938398744153,44.74192126888623,0
50.45571839903814,1.9117179516487453,30.448442734322466,54.291475813155614,0
43.483996523941826,4.579709337654318,73.38896007448963,84.11419087139723,1
71.43944089325325,1.1963254320302692,41.83242106078828,52.195444289975335,1
56.33919022318011,3.6391168054440675,70.96146178599787,66.8947982122108,0
29.74857413342393,3.6777008140764407,60.21409601754651,75.07443973195198,0
51.86454314769428,1.4464117582920055,45.690908709050326,52.450773319977074,0
43.38213535231612,2.5689830791852755,53.894455306098294,66.84710474781083,0
58.52433334796224,3.628396623128538,70.29477685435052,74.37915537510655,0
42.07479261567299,1.6208722590125129,61.58841679672852,65.12499321907251,0
48.85263558533101,1.7964196398976382,68.76619470708727,93.68403055666768,0
55.049872789804574,1.4183190860513561,89.64660876773229,48.31400741121804,1
58.657551941701215,0.9852432693071331,36.53637582433423,75.5872852988388,0
37.997035929442234,1.350722454933993,84.25818862452937,63.27198262603535,0
46.654987641590516,0.7760597332377435,61.565339062848196,72.71920154836675,0
45.25054688839044,2.034083468259226,46.51823927515308,69.41307151699246,0
43.46670767426288,1.2300267689413582,40.04529561391515,57.668438028900034,0
67.65454240281096,2.233785911790748,57.163194138344494,67.28996392459341,0
54.049817109609556,0.4441043537963727,73.82475167886689,46.42098548601713,0
37.391160456649544,2.330880232214457,58.08676319433699,71.03247500571393,0
59.17861947054776,2.8335289616089248,82.66732395371021,67.98158465990525,0
71.22156197012633,0.006264357428544587,38.23236464922662,71.38660168643102,1
60.32465260551147,2.374056569847572,59.81866578230918,75.5811832508715,0
34.80630034045987,3.2276689924732924,41.214098333803214,68.67619840209711,0
45.15765927133749,0.7903589813087946,65.45447823937452,66.48089419798276,0
62.669111491866225,3.6725723868377034,73.3033108514595,56.18931663338708,0
42.92330534381219,2.4190190093660453,53.6885730947842,57.87779236350949,0
54.43819428146229,1.2949881442415911,20.936792150592986,76.86734620177332,0
57.74634053429337,1.944230922342294,62.98422220194742,79.36335405705978,0
40.730695284219166,2.5583269125217223,66.55107827600264,62.61889563687946,0
49.404746439382,2.0760053914124117,66.06442132442547,65.46002747253274,0
17.58732659930927,2.538755992446369,78.53673287733231,55.95385625006234,0
39.756123586657104,1.0793264069206336,43.93419480526427,76.72756845267445,0
47.4743184860684,2.1693608240360778,70.20324158175674,71.65416823691778,0
37.52216818035151,0.5862855030950198,77.88761268716962,84.4121743646375,0
66.32411303931636,1.8887739386512996,33.32118623990225,56.21676922820261,0
35.69858622039367,1.0960923585352103,64.79477738878465,61.21992100981783,0
45.599555133030165,1.2644700574102334,52.43730253488493,67.31445922525572,0
51.30740577286091,3.2360931752104376,58.77715990347531,71.4648953772577,0
64.41273289066116,3.091310120594269,65.21514725307505,62.84332362452368,0
35.6413784882056,2.609138120907177,52.691571538296714,56.270389095462995,0
61.63163752154959,0.907687235327421,49.86437881257582,73.81407528923572,0
50.10233061019587,1.6835915503051981,60.512286262320366,72.21135362545581,0
40.18491348952049,3.2130976999791834,43.69131091705796,55.83725899436275,0
54.62103474263271,2.141716913639905,43.712623066722216,78.55442801105495,0
51.9905969557347,4.319329539981695,70.19059924434755,76.70198709196603,1
43.99783122841205,2.393317839394372,42.76808947262016,66.34296497247793,0
50.69802084990019,2.1920491164900318,69.99468751363818,65.79597862376036,0
46.1468640313824,1.6908835357974987,66.93886939280927,70.54057771115907,0
51.13517345251248,2.1335409047822824,34.11289906814105,56.38296929743742,0
56.62130674521047,1.847530163619456,49.83653021496517,65.30031479164082,0
65.86016816145352,2.7081086766885907,77.91164104571058,43.4761645539082,0
37.62184501173151,2.9567023167945843,45.28251703290478,73.76455645502935,0
71.33033374656267,1.2140105394920506,53.033936065359185,49.385067775581405,1
30.479122004774982,0.668767046442222,66.93091339877844,80.03419828428999,0
48.482149049644164,0.16379462689670343,71.75085763923893,61.698799060335496,0
55.883172064845766,2.507991326912544,56.22691670933256,62.88333018068823,0
52.809918677350325,0.8966333938261264,51.03734707962538,58.72266093915494,0
43.77300480179406,-0.15289059295248286,81.33554792547761,62.11961126077924,0
47.918777496427246,2.3885786045309643,86.08349495696368,79.18531345148037,1
45.06999065341167,4.492999517432791,74.68287076172693,40.1219134346492,1
44.106352430557884,1.9939290884601066,61.27977213847536,77.76965386088187,0
58.496020970210246,2.8384907744516417,47.8760141753861,68.38023481101708,0
53.57015485965047,2.081829358547565,47.54333390165152,52.929783521427844,0
43.070904047393455,1.9011103468088573,67.83771157898636,54.24687606950762,0
58.995998754332504,2.9190764829877685,66.27597331333025,81.76393027208204,0
53.072995208766095,1.7097254558113486,81.02397889419645,55.54493120057269,0
58.1286211883896,2.267392314071903,69.75675138804209,53.46649489404041,0
56.29628841923612,2.3216978061960134,37.45379547360273,76.37314542364729,0
41.710049890779274,1.3319095463569512,75.77921426584378,68.38552876285914,0
44.39818959803031,2.992042349536523,45.02909059028381,55.620744234636014,0
57.472936051232615,1.8250402433045914,54.24043092071473,67.16624975404619,0
56.10370265433465,1.2442548405071552,63.75300309377542,54.742473163597225,0
49.79098406035852,2.5365098435704034,89.93501234675946,76.00821398422605,1
51.17327383308782,1.1015320182089627,106.64877834008041,75.61370964873133,1
62.77664895788425,2.0281811573691284,69.10084588704274,70.32006198821944,0
44.0842861116417,1.9908810033557964,57.25205071919418,68.61661061247017,0
55.470973811700375,3.085895565831578,68.01758472720826,82.61188124867374,0
47.97807347566106,2.4746982328799527,73.31483138810754,64.99686327388225,0
47.8231879677278,1.974973041254856,55.189985616642126,53.181258745791986,0
60.9877685198719,2.817766299200287,86.92817033868484,69.49473912832306,1
58.2541634898803,3.3902075490173136,63.45106138787103,85.86047049537115,0
58.135096360006386,2.557810306351862,67.46614633637091,54.85240506814148,0
63.05478807154329,2.0103526198433808,69.98886378081693,61.38537233306014,0
50.21003841632759,0.6881637676498404,66.32379915921683,69.16446038101452,0
56.81952971294964,0.9348863369246274,72.58410750704418,64.4609515099426,0
46.89733243406544,1.6947752956453324,50.741202201796156,55.176964196226855,0
53.24166352488442,1.3904877978407169,51.62547369080954,76.21857856230471,0
48.698569456323156,1.813028697014554,43.497686505424575,88.2004072201726,0
50.96995964992718,2.056649924897107,66.59251845930339,66.96131459023907,0
55.95157025436914,2.5296927543567307,71.6840475526817,55.95931710264,0
41.81779316766527,1.929501221940909,66.86659299227829,49.51039474946525,0
70.9238727568546,2.4865016438262018,85.11738650021306,67.5797598122118,1
39.93982618500298,2.06447441481012,59.9160597175643,76.03877343316258,0
37.85811387212268,0.0245334336461287,70.03112483388769,69.75167746495381,0
61.581108735000676,1.0606646061812457,43.624486857910284,64.97596159081147,0
57.91662693962936,1.8559124442783845,54.193504462883986,59.107283482106936,0
56.24119817052155,0.7903052571588924,70.43306636348666,54.0783636728191,0
56.2834550926428,2.5999287299962046,72.73653166114715,73.34751326324883,0
49.87753227153085,3.5307508323436974,55.59049578503726,74.13771621385585,0
41.02745628514168,3.218761851697317,58.926011222129,49.54270213309267,0
50.75804558193726,1.786557129069792,37.231893799787855,80.89838978180684,0
43.22838288487888,3.4907261368499523,54.64456198790086,70.74071220894001,0
59.75119733417751,2.1486674572021114,73.35574745279679,78.99594645145794,0
48.52942618497861,1.6629140288819606,68.6280752415985,51.57872251514885,0
41.745028032074885,1.3865973364590602,67.50998582071814,51.34175844584561,0
46.78614158347007,1.6975303135118716,60.746605307714404,63.51030690232703,0
54.12931454275624,1.6118231814587713,60.105947379422645,70.02784426895194,0
44.36275447196025,2.1704162223754877,50.09518290789829,82.96360822926964,0
41.77779604433569,2.1605739810498648,70.48242630303803,72.06078913815132,0
52.436872114919126,2.0030460201534144,66.31459416584084,62.573187231879665,0
52.44966571108723,2.43693816974635,67.380282719892,54.73630792334108,0
44.9305682462887,3.1906462747863413,52.10947735998629,77.3000057271915,0
45.289616943816775,2.949554135441324,27.699856201931333,55.35294574249285,0
52.32049937357636,0.5151020315500965,76.45729067630543,81.28468554772321,0
35.51915658502676,-0.5539211349019548,52.81743815987394,62.15615350393491,0
35.92536225623445,2.9343199112392737,47.058363539353195,80.9058207261785,0
42.81555778747564,0.6331213015845789,70.4021836787099,71.78931290059279,0
47.86552848288153,1.7752345981073165,54.11981040121306,63.63004510557542,0
53.10907565598005,0.8298869739406405,75.89904576069932,59.806036281738734,0
64.75356216949552,0.1980195624199803,69.25508924365046,61.5909212265392,0
58.576596232020194,2.541462728204788,70.25353984800716,69.28316692375238,0
48.40061470036573,2.759155160302647,39.51066433199199,65.77156496217717,0
49.80983792097311,1.4234895992732806,78.179159780796,59.06188591931295,0
39.97470635362191,-0.5910422921449099,63.91875796850784,63.34368589682368,0
49.8148686400761,1.4537555517475171,54.460842911306955,65.7857702971915,0
47.11341361079862,2.3918040054025465,62.15082701013377,43.71265905585188,0
53.227185603380896,0.5210884312258712,33.356471506525196,69.58168114788698,0
41.727690564476774,2.1833599197791558,66.12979217221006,55.20278775283193,0
55.193465142411725,1.9846901508270045,44.559427377268925,53.46667596794255,0
65.32738913002578,2.5792914996010885,39.70994571234698,48.1265565288929,0
48.91239851543143,2.1195803684141534,37.16461220673163,47.0610750213211,0
54.01711722098941,1.0269310591184446,76.69032562484888,51.44552496887711,0
56.90143991711113,3.1965715016644913,50.561049094608165,57.9097904236951,0
45.987795281141636,1.84147042697303,83.00591564874749,84.53259137526568,0
52.24092481810417,1.9726954604900682,51.96297805421553,59.74120324104796,0
50.12592400781795,1.066732040926804,34.3896306361058,66.77750106268032,0
50.97676098548832,1.5567177488084898,43.25213340077011,69.00481386506328,0
42.26990216144534,1.1151972859730992,78.53717430010408,66.3106518621585,0
50.245101742589426,1.827053940076577,57.66152733094999,64.22556539274007,0
54.979982912454496,3.7117084801423434,51.77569055264099,53.04706236400755,0
64.51143607795042,0.6280988570686437,62.40027338779181,79.50927548279212,0
59.59270826085207,0.38643860212325887,67.52674104251318,83.07196643637886,0
71.53182457511556,3.4711703274936085,76.76098223853691,48.17341305877314,1
42.326524371119504,1.790676322848134,81.7274884483939,54.7597140911362,0
58.723206367206785,1.3309272613400833,54.60347031316371,62.20189657622994,0
51.83342005738352,3.0399046873960764,40.10928470876942,55.35462205089809,0
71.89802933217672,1.394384460263136,53.79802258315086,70.05965553455866,1
41.91701714644849,3.826009713546936,63.90420759874329,57.71727797593387,0
41.602781578192236,2.6779258713392693,45.54361610684084,86.65056067806603,0
44.00607354555978,1.5120885918542974,45.642736276574354,76.90548594343596,0
28.76104275690193,4.1573082132655035,65.15681822324828,67.12574030632214,1
44.74244978319239,1.3942850769966615,59.270214726443236,75.26986263319732,0
42.40867338446302,2.742095372009307,60.4919549311738,76.05900424357309,0
51.50393786476208,2.299292580406492,48.62256997949896,59.36052511941757,0
53.41755975777159,3.301741289398798,56.54398928691349,56.83782755458035,0
68.76170839215887,3.561511196726853,46.136502835975435,65.78143062969647,0
59.5042383818605,2.0320041490657665,73.3529761668718,73.61636124497944,0
44.23096344337597,1.2465821296538167,75.52874002085629,66.39060398653417,0
41.01585328651642,2.4599721429391166,32.307182066428595,49.23003517809003,0
54.919191715065054,1.3222846302478939,46.05733709711385,56.97175556049157,0
36.797667929793576,4.013387247526623,37.55206117364881,64.26027136405622,1
68.31458765854353,2.1365353310827375,50.249640983896526,64.2433439567417,0
61.79440120721287,1.6346784486878914,58.748430453144586,84.72542176789808,0
45.30824347895295,2.1846803058649082,38.255321704522046,51.14012057601002,0
32.868654709091224,0.6528737104703035,46.1721028031203,70.05589241835875,0
63.538723741654124,1.0283859614893485,44.94063941877752,79.8911310832829,0
48.85460154747382,3.2004139079444256,63.10900994098416,87.71449745422797,0
62.378163119734616,1.3431057210286044,61.04016505554375,60.95602576816039,0
34.05572341205633,0.9530890173180604,49.1739366999412,69.914294527202,0
44.00624977046227,2.536652752527286,62.65231308209097,70.69760357198646,0
50.05243699718183,3.185704154662997,51.79979873119102,66.9548173155329,0
50.46980593764742,2.718953310665067,55.9251733451092,64.01154798760695,0
45.49934528520756,2.9960476858058165,85.10178135447805,69.35975389500047,1
56.228499323474985,1.2432049114305392,80.10691577685522,39.677539147803145,0
39.32379570617405,0.5781893332581562,40.506281446086035,71.82069490062631,0
48.576205149787064,3.5013336519554867,72.44598626818762,66.26177903661967,0
51.20295631711899,1.6773201611578643,72.17094831737388,62.77525103221735,0
55.14438834058749,1.7491669835449526,42.776050668710724,85.46862195719558,0
57.1161487808889,3.3281941418490577,72.2816646563229,58.250659812094476,0
38.75357908162131,2.55623000940066,83.06897877618829,60.96924010934969,0
34.65885829264378,2.4558877720816077,43.16182790633379,84.91553302204734,0
62.77676821898509,4.165002344901084,46.237457684786044,56.679386951501435,1
53.323140119795916,1.356481769619857,75.26492200265254,59.49884717063461,0
42.51513463443446,2.927840128081237,64.07242966238472,63.5297457656915,0
65.51151975522524,2.0570131248970847,68.27214412859286,73.4073448212955,0
51.156746342928585,2.268592278863257,65.10883824600745,67.07802507353314,0
61.792971840638266,3.5284684264125317,65.86043881392216,52.07374652847737,0
50.67518481410109,2.507835756289624,40.102918075333754,59.6783143687281,0
70.60747924881987,2.538296079049633,75.70976559932173,58.92645566787789,1
67.55340842443204,3.072507337309802,77.54384988641661,64.22778954776955,0
47.51035851520926,1.6350472704571146,56.559138838979585,69.25843658629829,0
59.71570950954356,1.1607903326609936,59.34784575279206,69.18205755887972,0
56.45375949585147,0.9551908059789664,37.03338746166417,47.23988245951598,0
63.68631557532349,0.03364341062399823,67.71382134026753,75.63940987560856,0
40.35076539419896,4.056207129940322,68.58086162571216,67.52568845996623,1
56.86051459998439,0.8967916342783169,59.067134745010335,78.84532047593906,0
60.58424486849588,1.778746376414228,76.86530039805754,69.44198327290673,0
32.41260513576886,1.7231867001110794,54.98884153530089,76.01322957735762,0
38.16741487334225,2.3074066978091006,68.469088888404,69.66545311450128,0
29.607678222398995,2.8157372125392968,44.705034919618264,78.46225756202747,0
47.305931655554424,2.8604734883597454,59.64671773688643,70.22250636017779,0
57.17542255795962,1.4169225614310617,57.384686131457464,64.02084753557097,0
65.02357052096028,1.8328782862135884,63.37961883061412,87.72434720446881,0
50.74094780419775,2.2825799504882998,54.45709606749962,73.89037122279892,0
66.28615545571292,1.7513088738164528,58.027911064924986,70.73744421004413,0
36.198985417851084,3.6073455760199926,72.3907075716226,52.23695583461664,0
32.96617560644845,2.4909749516382513,53.44853644142674,52.11692382536462,0
49.44452301103381,2.7348777860498172,35.90134348891981,67.92715482141854,0
53.840654489393074,2.662881268667413,86.24375856308131,66.45521197768241,1
49.67305251905907,3.173473857485325,80.72181118035729,58.858774349916835,0
29.325578999601234,2.1810215587037067,40.616059573415725,66.4098269961206,0
49.10879960487212,0.7031680520441534,70.34561707867792,80.88626928043595,0
36.95530499495147,2.3996879517526417,52.455378441729856,71.95402474550299,0
56.69672548830039,1.348643106208171,63.952308229965894,53.589914902472614,0
53.66598246096848,1.4713833182502432,64.4133619352024,63.884911728570565,0
40.60120213672645,2.586364018755093,56.48388299525517,56.950335191474394,0
44.861330826633065,3.238283071433636,48.24351501620406,61.12300083591439,0
39.40786478111048,2.0212715767360616,49.64188421525611,60.86384334370357,0
49.37320902726828,2.3088330125989636,46.257121267781365,60.22354417395995,0
59.551423205012384,3.702214944635238,47.522666876543326,52.44864628026605,0
40.14273953664456,2.2407531794885682,58.99232564925967,63.7234531848181,0
55.040465155178445,4.601683114180394,49.26360016333872,59.3939236315269,1
44.69742381627559,2.5655096456315443,70.2307809856893,35.705513099977324,0
42.07127167737656,0.2392372408441823,82.30869233003891,85.52972024501663,0
48.929696400454425,2.7533416211045325,51.29920137944936,75.88769654216672,0
39.64757677580626,2.3811583848827778,63.591067508030655,61.23699275075004,0
44.46350694652818,3.2897527540827456,67.495276654544,65.18819049740598,0
38.021221074111516,2.6731813512699585,67.08003406378911,53.28345652682438,0
69.6472513291639,1.8615440160162262,61.139329018741314,81.95722877810866,0
50.35263551971729,0.7757017637106343,71.14023627539584,83.97288694773111,0
43.00274492007414,1.7909767427139747,67.23373429020985,66.56693728246525,0
52.13979910734222,1.1494795457906999,41.43506366509053,75.23530644185345,0
48.8767195030917,1.4194765501952773,73.03734096583909,66.75286778933923,0
47.79030400466777,2.5885784044206095,73.30936255900113,51.63274561124069,0
56.14166700043425,3.6699045043514062,48.550708437321276,60.881766310363425,0
57.57507710047305,2.3946715298229813,60.56906753171403,66.31927966771957,0
44.69498852389472,0.8041169379648156,70.24993489216604,60.45452281256556,0
44.2418175935532,2.4446026682201407,56.86029270630958,62.81346722564964,0
47.24948302848356,3.196631486645651,76.09467071649019,64.08600442490885,0
26.98078835264415,1.390217095680618,95.45808741929042,64.19121502134539,1
34.84808937801448,1.8659828333270823,48.210209510475266,65.52258490497483,0
63.66874267444525,2.0146881947291972,39.28433095269338,54.39394933603399,0
66.44967713501283,1.21510168691776,64.55727893407314,57.82983850872064,0
47.50963960443622,2.6482804338438592,70.82343757689215,52.15415734300031,0
55.765569630557664,1.8790518513922185,56.53700439232846,74.778155496862,0
53.112501545435364,2.419532443907028,81.79890994981551,43.943530581596754,0
80.78880808455239,1.1125078221979,39.92091300415127,76.53590343316925,1
61.195749114345766,1.5625416996765895,70.39377934547417,78.86349397262843,0
48.72082408519233,2.7223813578277714,50.9120876886166,61.97819413017378,0
40.44459559399574,1.627166847908233,85.79066859310944,38.96862912172701,1
33.93553679742428,3.726963851233405,89.88773029752177,61.38689438032709,1
52.03463635867223,1.6003638143853975,48.500151183249784,64.35815838711181,0
42.436492547156966,2.224684725751886,51.7566429613713,54.89401780071087,0
35.77746290402326,2.9325908318730898,72.89381830469702,59.84781606191757,0
43.534271157574736,0.5816342670669683,54.19304025315728,80.30195198863352,0
39.18451996385605,0.23919118801922412,59.318831731016424,71.64927162301741,0
66.87141635072564,0.47434368542990524,60.38082630813615,55.754358856219,0
58.816397569494505,3.262584103427182,31.204902657035156,49.02400830404568,0
49.92027358683383,1.4481418541075533,59.79243380858644,61.729826823902286,0
64.79944138890026,4.558199285668252,49.654083389037396,62.86543220649562,1
50.77368307647618,1.4357524013426115,52.60315766400342,69.96199187363317,0
41.38715798671736,2.184551303197037,81.65448005203221,59.64683287432341,0
65.23124077269657,3.5421099525678756,41.152396585811154,70.11499575361862,0
55.38910043684659,4.006092888159123,72.19807780121965,84.35154040060229,1
39.62753845673544,4.061503576636397,55.81555604502287,73.15501022444262,1
48.09661321916392,3.2083662305931426,55.80359747256249,64.51911492669227,0
41.24381746615243,3.0240625258114626,71.85557844077567,63.16849528946705,0
36.172002690356635,2.592526949201183,65.10076941853336,61.433268658201285,0
59.26177547531641,2.7783610761666377,68.55919495829296,76.80640912452145,0
69.0941664047013,1.4488142836714666,74.52276990799291,58.72686554048697,0
36.01432426180859,1.181801116577693,55.030374252250155,65.45222708999982,0
55.62969236690571,1.996625542589048,50.81644898238375,65.51197901881085,0
43.49357430878173,1.8298153774750716,43.72274210163303,59.98215807188468,0
45.12874616235304,1.5467719506727249,47.61884205031567,51.27534452115899,0
44.07606075761131,2.6963874474567153,104.23641637963088,68.22974503617668,1
41.36009230320184,2.9553052085705107,78.67019371105181,64.38996028144616,0
50.48521627944827,2.0884068862918475,39.733884506879676,70.0024046943657,0
41.69049883588962,3.477530081055262,40.16313064884645,59.66399693560833,0
52.704568257798385,0.858310885866495,67.22799092577738,77.20821298813048,0
49.49761890550863,1.806340540720282,68.2089719606695,56.23226218788155,0
47.6105195313359,1.2831776793971952,68.23325752976046,82.12040284017893,0
40.92436337958402,0.13346338292694004,56.175663096694535,47.52363490171739,0
44.23228669431667,1.9173193141573008,58.118186099956496,69.3477006455689,0
57.55391225825756,1.8782524916167165,64.91819286239036,69.75430682526624,0
55.009171876243805,3.513449743242131,61.28839509439996,57.04442932059118,0
40.22444755201449,2.6308116845547778,26.71049440878697,69.24393937861012,0
50.99332305429226,0.9758131756707951,56.553005541372094,77.7951866976016,0
57.51387123371789,3.854092566334188,47.2289034860953,42.831811606459354,0
33.305947188786284,3.221033695525353,62.62817128362768,70.02744807490815,0
55.43360192379935,2.582097703468616,104.77888503905115,40.06729179669922,1
43.37376241054153,1.773515901150168,65.51222498211456,55.34335196476792,0
55.70598668593159,1.0405607632765204,55.297054707414034,81.29166364900945,0
42.367408434574834,1.627793223928947,73.82702252965878,59.18217966607946,0
31.95117899335481,3.088748619704186,67.24031830813819,53.261200355910276,0
33.72457562116837,3.884586305934609,66.30141735677762,63.020622710153184,0
50.48084946661382,3.543243528272189,69.10275889823507,85.67906338163553,0
52.59722501721482,1.511150578213726,90.84815347244312,46.68317752793974,1
40.956833748955916,0.8803825667109888,43.03667347011127,54.48690088360655,0
56.38592458777374,2.140886246911204,67.10448115217181,79.97431683179626,0
33.3847993773104,0.23156063443714836,46.10428305027692,83.57702343537733,0
49.33920201352684,2.3231677141847813,68.33268969513372,63.96568775709716,0
37.889838002375434,1.8523974137013313,46.21970232770858,52.60947297473358,0
43.48163892197841,1.5339634981317578,53.73949779592373,85.95843501809159,0
50.47398671316414,0.40529693273320455,55.57365128643141,80.94442391749197,0
41.39586634716048,2.5136001065697164,74.63725079017064,71.78946987762232,0
46.154444557701744,1.4672991603380887,73.7768166591362,56.8759765106258,0
60.0629280921444,0.830083164289712,41.31423935330423,64.50970659161963,0
44.23108130476851,-0.8722622132816493,60.824011664997734,63.396399189551694,0
58.35692112065142,1.9724850949493637,49.35630217876241,68.30851304615578,0
38.702931453423815,3.772251596669744,41.12242633986998,79.51001438131337,0
55.298041779152825,3.66125921454787,56.74474424363444,73.79417041137403,0
64.41568620657901,1.5429037434137283,55.3727581731627,54.226239230152416,0
25.283554998727105,1.3977879396382193,96.40074729518284,78.76496450019538,1
42.03104744529523,2.4687742560750237,66.49439738041045,68.13132140013155,0
55.7707212718054,1.0016145608117086,39.33573748868644,71.87065795858916,0
47.96954613957007,2.3017918998194657,51.52838993743587,79.66540859278604,0
53.71145873371309,2.76608027838469,75.32074943144097,53.88419750486449,0
43.960148132841795,3.2269332238843074,91.32664159304888,64.64174421293536,1
50.865897874729,1.899845923520047,36.210250316430624,59.68545448640785,0
48.44322764607921,1.7963262498230341,31.801134222914325,49.32140574634544,0
61.67782061659807,1.122017413243439,88.06447763057673,68.4670997760492,1
52.54420843301213,1.1731196459601398,65.84421266056356,90.11556551584424,0
53.37602662075202,1.7735211080984732,46.9756090218545,46.59922255494247,0
45.881230338775325,2.367365506816178,68.01943629183653,64.67719388950529,0
45.123937759275066,2.9135846262332494,20.463783914746834,71.40542935074774,0
45.67441812180379,1.1968210493196552,60.050632598957414,66.23078201656182,0
53.944521423782966,3.4926885689595215,64.91731759264628,63.86871947484259,0
45.79015519179737,1.7288763989574312,73.86405209306744,52.007836365541756,0
52.89774856896413,1.9786327056515638,44.791560715611936,67.32786742940164,0
70.75400798645438,1.2527883208521766,61.28530742105038,57.43236022984074,1
58.711247034316926,-0.4242402602729416,46.11863060910619,43.100782950214466,0
46.73976467832159,2.8840453963610497,63.830756335114756,76.94592220513731,0
62.012139221639444,2.7368438970924336,46.56980516455464,74.58385819842043,0
45.91924626978449,1.7186724428817866,53.87848741259669,65.5166097685108,0
29.61875464822146,2.066990717224872,45.062769078146566,67.29074688205702,0
39.91913689082596,2.5159392177040996,69.76704362735485,75.74318012715561,0
31.292080789741444,0.4374541431134573,72.87676674984998,67.24339656778082,0
46.48486515958692,1.4709473226537053,56.480691450638794,74.04017554761315,0
50.184183791895514,2.7942646796218273,60.573569924400424,62.0251779912615,0
66.76437312275283,0.7457105768307506,38.27112878049684,78.11983738573946,0
53.269273737641626,2.293557932166629,55.50485027989819,68.20785725932684,0
47.80899471191136,0.643418195376595,59.24693074437383,66.94051943605874,0
58.294055811834895,2.4664299824335263,99.31189636544963,52.29938911287968,1
27.88864690992115,1.9643585177025165,43.320494613387545,67.86955854301709,0
52.356145581085656,0.38486818409449053,81.96265858128656,56.68045082505549,0
57.708651938869664,3.164739354457171,74.95288160198712,58.617172734715055,0
35.214137542201584,1.2654084232019507,64.20954606735205,56.846243716838785,0
61.43754043206929,1.1897475629856191,86.379307262927,54.33765068100775,1
53.38496407494414,2.200569197230943,65.58158208910294,86.24771403016962,0
45.847120860991986,3.148637349428715,65.83738793501894,78.31339061988403,0
56.32781866106285,0.984178181021603,59.20319020473682,84.20367502144262,0
72.70692857804396,2.061679849847972,78.35353323627942,52.77104980444436,1
51.81866255058495,2.428816500330573,76.44703850716326,65.71253749910892,0
52.48220586300336,2.693105607263144,50.614840687556814,52.06492374795904,0
45.40639100459756,2.176441555277225,40.211292081018485,58.04305122802936,0
41.50155630535208,1.6329721609166776,56.955290439065145,55.81873016583425,0
58.303358165442454,1.1724097793512804,47.99942153403531,77.39584006441561,0
41.43916174091133,2.0861438830463745,59.04713138076967,61.0377032189824,0
50.715662372193925,0.9278609880143931,78.56157202026209,75.68379333694017,0
45.223425532348834,-0.9213504834946074,53.14047517369815,71.04120889588518,0
54.78979825746392,2.436559804157668,59.35764928032638,88.03638752104789,0
53.33662105286948,2.9039348410861954,60.87034102212593,50.20555776860276,0
60.375399442578995,-0.3629324355418384,72.72646323307927,77.59233239786799,0
44.89983601145253,0.9902692952900625,26.29665999023092,76.46440870400727,0
47.30125064706629,2.619154261005198,50.89949557852055,55.26621161972965,0
40.21236284217693,4.057495469711698,63.16925538419209,75.0713333647316,1
45.55706739923888,2.020793707675408,78.00118434640292,68.36144963026229,0
53.77300493044852,1.2719970587708656,52.621463287406925,62.72523740046592,0
57.56988616645352,1.8171035588951598,31.85170940937189,56.760645130280004,0
40.77834675822375,3.374876419148185,69.29567168949204,57.80890548550814,0
58.6960592010566,1.3540358208754646,50.46956416761556,85.49812095785926,0
63.55637858804951,1.2008079933497464,42.155000113644576,65.00682818957483,0
54.13434903223701,1.5172564778179676,50.63481915430164,72.82130001531459,0
68.76795812558066,1.0466713917412878,57.232119635162256,57.09100618332447,0
42.26210800896427,2.1226703159947955,50.92883003192681,57.201470537783614,0
37.55345296688583,3.6246784584695604,26.916509143513963,75.81984809249943,0
32.212797510957216,2.3230792731160292,73.45599295330697,51.50423788448468,0
64.96044311489183,1.7476464978737125,79.12312561918083,60.847862320947286,0
56.54365656354058,1.708188731084456,69.77282987009258,65.34027411072232,0
49.44415329089545,0.43680919130334295,42.93471494362775,66.11372601840053,0
52.799686263198204,2.883109777147159,56.97762699078723,63.20906714983844,0
38.74510952701623,1.922162802987198,59.90218027155813,68.95819781095923,0
74.45751979616827,1.8195200864093743,68.98191584342865,71.92855755817811,1
51.292211819752275,5.19310756784486,70.02510733077122,72.3463754545933,1
51.09394794604893,2.298752908365686,48.987393018322564,55.14196191332174,0
57.25766623898692,1.2482089499048157,61.22993334620341,62.15844902071203,0
54.810092317367136,1.5736424037944567,66.85920606922862,76.94762861876937,0
52.23884024279131,3.148445709196755,81.83733483220149,73.94647187573872,0
42.09525544554688,2.1132704105377647,70.56759809737085,51.27140548518936,0
54.714683571359956,0.5617220216826333,71.83585031063278,68.51479900352201,0
68.82024496475034,2.9192289345752034,61.257399418940416,45.2177475062519,0
63.454200461549775,1.331855914461006,81.15688717805256,65.4693490206037,0
65.93186626639397,3.8732977762175453,66.14644193939246,83.97767016745976,0
44.88784323568815,3.0800480657146485,47.08368134739644,55.521072827310135,0
40.10395179741419,1.5526781043412488,81.05054955187786,56.65676954508418,0
48.74213079900352,3.281016361735113,70.46854908808541,72.6402978157286,0
50.557249122886944,2.0678555105274032,53.354339683072766,49.571984847903536,0
60.94191518470949,2.8527736751222195,52.80760548901135,58.67244970114961,0
33.07535370285181,2.484732817294475,64.44863317711143,70.96441137581752,0
65.29550319460614,1.1536433450091264,66.94777192901377,58.65714152310597,0
48.419921014210104,1.356450167682538,62.9593839844681,62.640300127890285,0
45.7311893005258,3.029960817581161,64.66963010164328,72.44185710315034,0
39.87895624739832,1.665224667893459,85.49936061864571,69.21546083536562,1
33.451433281342304,1.5963515367580032,76.07314728352328,67.66818396295402,0
58.231705839619146,1.044877420650647,62.85953386897536,61.60877720729961,0
50.73317967188404,2.423599065593461,74.11965871151224,68.70061115268956,0
37.10039100258946,4.062524919243145,44.512141447086904,63.762673199002435,1
37.04921227936384,0.9324670857457271,65.96890574920214,69.57805609925785,0
46.64215300709872,2.0242194566727583,87.13959524599665,60.03067974882022,1
66.69021525289392,3.4122205554154292,56.729311569114394,63.17431025620459,0
47.40408648636395,1.9203586087542848,47.28549107071373,55.10042207447986,0
34.96857046881894,2.452371796249734,50.21866667110409,64.64992389993765,0
47.54256935914056,0.9376064718531203,43.655504439864174,56.88999136371155,0
47.27276430252329,2.4283070972076484,48.22857137808445,53.85953549838007,0
23.031133570584284,1.8128557349954513,54.442378521149564,67.58661147855388,0
49.45705133482188,2.985729995679863,38.91649471232037,67.1273977585766,0
47.69065469791322,3.187386051564751,60.234275009244044,72.82873734948572,0
56.96206364813418,4.589563642018614,73.53415760679971,60.68874430424901,1
68.48956094945345,2.5796331732135758,46.38365729779619,69.08052846836756,0
61.26565029547757,2.3257963165821662,82.78925885462652,70.50797572273663,0
47.31111309445169,2.194384301577336,67.66188132791392,69.44773807831595,0
38.934740912583294,1.6468337071893115,75.45870878436085,56.743463171978576,0
75.7335980324986,2.3384838434616912,50.132481692217944,66.49363482271188,1
50.59218434014488,1.7045985898609706,72.81787840599924,68.64140296054661,0
50.13929291912946,2.168460976269614,43.6209914940703,65.07178466907942,0
49.758749128899964,3.31759753560796,73.35371251254763,44.13522341628915,0
51.98084760767855,0.9934574347203589,62.577590096902966,66.6048962397348,0
48.556395880760576,3.1398785611290454,68.29876829977175,87.12531039397243,0
44.26337993119763,3.3171150673398655,42.36608091562722,61.39960731243017,0
44.53141058759608,1.8819314730089212,46.57395236585093,57.719229021446786,0
49.672467297840015,-0.12185489900859459,68.95842327380078,68.73348559711398,0
44.56575228866235,1.3921780129055676,45.77477993663699,68.12378210466572,0
42.871542173228356,3.296994546561109,66.94809438148684,76.92735165416414,0
51.064302276918966,1.9771319377011178,39.49293290309632,52.42131844091112,0
47.450227825791444,1.0006977677050892,72.72261319000002,72.31380252574992,0
65.0399298858269,1.4952250787717825,41.51215027847236,70.90422061251464,0
23.490301916069882,2.840620026504553,68.28449906519285,63.57853463059454,0
60.91506851922462,2.5467335682013794,69.38446400469002,68.3868731792169,0
62.46085192497629,1.7610679008303056,49.54842272355638,75.29457481598357,0
29.266097675918505,1.6331755881853125,68.7303985062709,73.7231538002845,0
46.573124059196516,1.608241850956178,63.90663395000334,53.569806879262714,0
46.28559134004209,1.0775898155014976,51.91737215710893,73.20158186755485,0
35.924883052821784,3.6153756894694418,44.871679738856876,64.35311394967482,0
42.22183312409125,1.67767953078866,30.560614624911313,65.72874098015515,0
38.894241545341714,3.2171585208254965,65.2447507094954,65.73196991001694,0
67.52270443423623,3.5213160519224513,36.52795842956917,63.4975701120174,0
59.35678393147461,2.9983108981479605,61.430162991619625,76.91707497107065,0
62.71555094994159,1.5683796872819515,56.048276758766264,64.16282040150789,0
57.21672064043235,2.4037300903366097,70.18714163157293,53.80453871616831,0
38.70948228782771,1.9758043936090839,55.469317507652036,61.06470144030271,0
44.75479733720226,1.0962981392698719,55.05828320479363,66.78694716810476,0
54.89374561227918,2.3243592817216028,70.97806056432444,77.29214784297051,0
37.778721911080545,0.8209602088401975,65.02587043626177,71.03094684948833,0
57.12998430172388,3.1876793884615635,64.74233935774167,56.49464721252956,0
47.59674601841865,1.535382702701607,67.03901384712789,89.85189916678891,0
46.251791924504026,2.2011596558728392,36.966418151893414,67.6477531097798,0
57.10959968203491,2.283287871546142,71.35183019980472,77.75390737999015,0
54.4426331148604,1.7410950262959226,69.18703191020404,63.482855664227706,0
46.3903383418092,2.586693801475275,44.74975307135254,70.3335924470545,0
61.59329803364248,1.5250963433774756,56.33879289488698,73.39468504518405,0
39.189366724001026,2.871297297457244,59.41039068558553,77.18194711754256,0
56.15935606944264,0.6540203197532515,57.98254823397401,75.57368305378225,0
55.93101257968384,2.1263795795464118,65.00789949852802,73.72197000072978,0
46.904535606860094,3.9389289990582848,81.47050172746775,61.849132688058916,0
53.26133022242118,0.9996686753944253,76.22650091509243,59.28253958043938,0
37.488864236146966,1.3222550294751485,40.31671209852891,68.32607510324198,0
59.24027019206901,2.513907849658915,69.33104985459073,74.33128072341069,0
48.15097863557011,2.179581781939598,79.93399979303115,62.77279299223393,0
44.772769794809605,2.3506300992735594,65.80212781033804,75.65171965714387,0
60.49009225836889,2.4891871301476636,76.3647063777895,79.52616745486179,0
42.95656309457241,2.6347214685617697,90.18405668551148,55.83679080926581,1
35.91538703636441,3.109699841956223,75.35564319160471,56.630792962037205,0
34.433708264760966,2.4098186569285125,63.739628934625934,63.59624941094663,0
56.06009951345639,1.7587423453814575,75.6763271112713,68.07612668189196,0
37.19570647503717,2.6725737012027313,62.173317496453365,59.75432986232949,0
67.54794181984364,3.8998819348952156,60.35854564927433,78.52202678867144,0
29.18070592116278,1.8673662536174265,54.72878646429401,69.24066861518452,0
66.96456368290038,1.0254706953293584,83.45120038248163,65.3944704824074,0
52.11017467202618,3.107080669286973,47.72357001086998,50.64090476131472,0
49.032868881296075,1.8796188360464017,82.98551587017174,51.84184183572493,0
44.550809131910505,-0.17266954601403617,67.49796185610558,67.81009250281807,0
53.991361143520706,2.8474216771504217,39.01040737797088,43.67404373845164,0
49.62365297575152,1.4646718140460773,65.51473939487133,75.12637409644071,0
61.03301882016521,1.9094667176958393,28.49960238522564,63.418461556276796,0
51.142276486620396,2.3319803305690145,69.38262025246553,97.43092969594733,0
51.50301761461878,2.1904996797790663,73.27847224483486,88.07916250616111,0
46.36387787786144,2.7094518171390396,51.1146606652192,63.18550930752483,0
49.43054376278933,1.5645136294301567,61.85321543933374,63.93662997468685,0
53.07801768892059,2.513105798176083,89.31236150625429,74.95581514002029,1
32.89831607343375,1.7404533224160827,52.41379943607095,82.03172609918037,0
36.518145778942866,2.738810480887503,44.11638619415099,48.61970942563983,0
57.43264094022715,2.6153674840130536,82.22495103693899,47.13624534645314,0
51.708654381279416,1.0645612979554047,89.43880785796192,58.779651944456184,1
48.16016663647321,3.0859821161750323,60.05543507771771,70.82737583173865,0
50.184339330653934,1.464036554885952,75.17194553112535,69.96873590507597,0
53.47581705361671,2.808057798281145,80.12213873296321,75.69771454983851,0
44.60240319690639,2.3672873134013406,48.86273651192424,53.003024716346914,0
42.216952745976876,3.8381836767951225,52.72041246948198,41.83856137031123,0
51.958452550976816,1.7765340176281479,78.46311769732102,73.58014195302145,0
40.21627222384968,1.6506832038818025,85.27521418062764,56.71803727034765,1
54.082527557144715,1.9805803941122675,68.44321290261533,44.81512135611362,0
32.9741639576216,1.6968202171657245,46.802784697469185,66.45063745959382,0
60.29155637325644,2.79994190194205,89.80591667549162,72.93175688218678,1
54.72597482413043,0.3836893915634121,52.03543653282053,63.77942867878723,0
52.56029734313876,0.9463175808536459,54.97293328242822,60.42151613817511,0
59.82690983945514,0.9321970784208069,65.13506751734432,63.406377678540935,0
66.65474444462576,2.9503075919735755,83.31240631072161,61.29417237599217,0
60.1437006501813,3.7106133725819253,72.80963964828335,51.51952888059833,0
31.591257686683548,1.8955507814625285,66.22298250542866,57.853193230095684,0
37.204230332642986,1.8311782768099893,66.9493279517716,70.21279905013814,0
43.75181422304321,2.070052163113181,60.65272002965199,68.216785413765,0
50.26091050210834,3.1618783026081907,68.37209271777759,66.6805980596682,0
55.17659020469123,1.072646865809426,22.056598834585458,55.04851518146621,0
42.742561868465344,2.238368982734785,55.55088811395302,63.184968378643326,0
51.86766764477078,2.97519762978243,63.61982902375171,43.22934953557145,0
42.44617067646678,2.5010941699398455,42.73478874570739,66.7847666388539,0
43.884821970080516,2.189581616598743,65.7948497671734,79.28857707813567,0
35.93338903151778,3.001046092567141,56.932931685208175,50.25867867957894,0
40.76766753889096,-0.7032322929992372,86.33213547473235,59.14072326682245,1
36.48315394383666,2.6778753195309077,83.59529587822284,68.2910677871013,0
40.241267470226674,1.3459243168725763,53.012916463227555,77.52842634427483,0
60.536417966078396,0.16936710314354309,57.73743432649957,60.51775383699851,0
40.50601111168057,2.5112025995249807,58.89078651587411,58.077496707341034,0
76.32382064837391,3.3736585451629577,53.22510785760566,45.31076857583917,1
54.93317900880889,1.8625514853723082,62.9253747604219,66.03438129308107,0
51.84836123694874,2.952874547202939,48.625768966686145,85.42076040143743,0
41.41642219818787,3.6122782579886454,43.04076997593711,67.77358461964675,0
57.003098794089915,3.3149144535840476,69.34066835850403,64.77721020816287,0
44.24362173762226,3.639964529371393,69.44294376332716,68.22082310766986,0
51.220098146453616,2.7421274910718925,47.93526360510012,64.88907996051398,0
75.60084538268795,2.075433638901593,73.430331461439,56.8698562773987,1
49.0394010027535,0.39803418810283153,50.52633406252003,73.23279915677705,0
61.49273326285676,1.7539375118700513,63.797478570569716,67.25761523111754,0
42.96823574874112,1.1567534046838084,72.30516018918684,65.17613251933658,0
49.65011509503038,4.170942717497814,59.4958115294443,55.2463397272175,1
67.7080063563551,1.8241141875676634,66.82111368211702,78.03507931934759,0
43.730329422122324,2.1232048067844858,52.25355534168642,71.6470274533311,0
68.12448557996929,2.5514853760404677,57.05300124857854,59.47079162632698,0
57.07751935455475,2.0436024463724536,56.9121085367949,75.01824853681937,0
44.37533224105732,3.6950510404307533,48.80132480189641,60.02429161614793,0
56.32407739055521,1.377350638265548,57.348387553263265,57.17996507488963,0
59.7255444962673,2.1946074552372425,36.7707255170438,57.40296882519713,0
56.21809962217196,1.2575294143019518,52.63269379286843,47.28931446911909,0
34.297752801095434,0.6799774887792942,55.726867599454934,69.71542380418205,0
42.728628241751316,1.3882309090947147,56.1573037125693,46.6885512166165,0
47.52481364448495,1.962963202951588,56.377538311938316,52.71556168734237,0
49.25566570899954,1.57069777548274,59.073537002098064,44.24411990921467,0
56.206720975506784,1.307579020126144,67.19162277129095,64.13930307209107,0
51.777010009332535,0.5936825363281661,73.11775611198783,63.49679539728128,0
36.64655641289899,1.9168944273713053,50.25352159727599,61.73303786813636,0
53.801978510059634,0.49527962596899777,41.951987169162834,54.57422305329423,0
56.10585745283823,2.7600559636896027,44.36933381635345,53.2776624656336,0
55.5979044793104,2.082439752934503,52.69195618207609,69.64369863546574,0
60.807807255546216,0.5424485005350694,54.72118023275236,59.494480682915125,0
58.33922154548904,1.6907909229501366,48.45005900703814,68.16358321536144,0
54.59180079228437,1.2478435944094168,40.55825003625158,56.14751313875777,0
49.29834288541353,2.3191745104191805,53.15818758788718,66.81062742771083,0
33.39039066484008,3.3404504460231443,62.72139930170957,78.03278037316063,0
54.296182191325855,0.12482753035425542,68.92544198753347,70.86165800392783,0
52.076876871631114,2.1150260791474174,51.63865420337518,60.875861817835194,0
52.715788371953735,1.8398672044333595,53.80503266784849,67.57198970355927,0
37.232514241796906,2.671340076450466,46.09952536729034,62.59334825469787,0
39.189434595917376,2.2131966282376894,59.528412444378354,65.07880184694729,0
60.53152853332904,1.248030668261181,47.27357048713778,61.743889478514966,0
49.60444846143345,1.6809460643333818,68.596917198618,63.356647941146086,0
56.81500697372624,1.203974143196511,33.21200262098833,67.12093353074175,0
50.28318376130461,3.076007138598598,54.60555491321306,55.06641300418049,0
50.297561394957455,2.0213116486719422,64.51661008787613,54.84121173010021,0
59.382838059759976,3.9011906857530074,62.757517744837564,51.11457446168789,0
44.83955271782626,1.9393391861853793,100.39550495970745,48.9972889549629,1
50.96120776940983,1.2915932330895372,65.24700036851861,52.82717307779521,0
45.377247112949576,0.48628560738717286,44.93918104736984,66.5946250680413,0
45.65503772567684,0.19686032374405493,58.5680362936639,56.07212484508116,0
46.908278765313604,0.41586405699451023,33.356304998003225,70.13614464231097,0
52.22133771633713,2.2671266510114836,58.791003760548584,65.34713748752561,0
45.212513783365225,2.5087250232299336,47.50415914498862,45.31495786561946,0
62.55756125573521,0.4188092979678666,73.73085413340243,71.5497558422169,0
41.05392697780496,2.8950383140761153,51.756895881066974,73.1079864559171,0
48.13128355838641,1.5169389483165605,58.2485112630713,55.06137325165147,0
45.60268941725825,2.146793011985549,50.46663237893395,69.20191542894992,0
64.46977884353733,3.6122206282554243,86.08277027779997,56.43501762590801,1
51.965547765115744,2.896839315865532,55.18135850823133,65.97670376748336,0
60.31844539468635,1.7314693520941677,87.48835565218803,52.35501593045034,1
35.14439626963028,1.1088077745847125,72.212276431774,47.06893547465423,0
52.67050265869259,-0.15181540132930493,67.23100091003079,61.17182810387031,0
58.89630795623437,1.28084668075758,65.5309972097628,63.762710537251635,0
50.82283989275424,1.7888697611723057,65.90695947324377,61.02320306385396,0
60.654803750653514,1.0128204728488162,31.08491130981585,53.1596944177744,0
44.82711549899628,1.8687430329076953,55.81674908773865,61.00100937868863,0
64.0934744018558,2.0768518829587683,72.67736956776483,67.69294752580734,0
72.9889812361925,1.7751440181919214,59.26654224788842,64.55106969877463,1
46.37161439560341,1.3499974191765403,38.922152297946376,66.82501030599214,0
45.54497478599228,2.1686546719667277,59.213933241337955,58.29884799545767,0
64.533844771177,2.441940649569409,85.56158274383236,76.7171791471616,1
65.79572145730712,0.909600922557154,78.70337573302079,53.238266634452195,0
44.771399728467316,3.41093237974627,59.069939859509525,69.87560297086719,0
45.798131829041424,1.9014118677157383,74.2717391558713,76.81891092959961,0
47.18215391139493,2.0188496229448476,54.50239469447922,69.80908092748895,0
36.555494889657226,2.7082144232565573,34.441926197599216,62.9747577293517,0
40.81348053515802,2.2332161312635015,46.133010178056686,59.71702953337021,0
39.95859233247932,2.953136633913245,83.44333152762297,75.36087651046256,0
42.32202434895871,2.287124165201824,55.89010377256044,50.77025074738327,0
49.65315112613219,1.387562625359562,56.34924030937473,55.29875739620356,0
52.342147325365204,2.3615035252061016,55.502427055876794,61.02442234508278,0
65.50500492814076,0.8562737926793382,88.56204884359511,77.37653757511998,1
40.016459592612094,2.108559705776523,84.38938373043095,68.79767636040896,0
59.843223984765835,1.9667700093555391,93.281703501722,55.31954241489755,1
47.86011155774491,1.7918831427274604,57.61432184399923,61.896922946150966,0
49.50536290347567,1.8714624885610693,64.43436733120643,58.85676855903706,0
56.74819492166604,0.1181509545023609,37.25036175868813,57.90211007766465,0
38.772779784377015,1.4512750922590385,82.15401639177412,74.78889558556779,0
53.82409746184051,2.0928449011411145,42.48330673098097,51.282568707364945,0
51.66452208213056,2.1598563919974003,63.251633456439436,81.08780855734373,0
54.92451264008149,0.9723248590740419,43.54046208550734,73.28229690184622,0
52.89168643907818,3.2657078408647005,51.16699759891956,75.90861670603698,0
74.55300139910895,1.1338251517854991,47.441063534254496,60.37060487974742,1
43.62260015748684,2.969457200526737,50.881871089862734,63.500592809208904,0
44.690030449981826,2.4271943618716847,51.91315945276532,50.66848185475288,0
43.76859473575236,1.3537726901561968,51.775968076123846,59.753375929331966,0
44.44522880839745,3.775310892609512,72.50000867670461,69.93654847643151,0
43.62612872693482,0.80636316824352,43.4270581040622,77.96063061781396,0
61.89016531107552,2.9191541736100017,63.308121405208006,53.92843183197549,0
64.20504247989855,3.0005823180429783,78.26938728458337,61.34494063014734,0
44.29253706250524,1.3293797909233551,52.30205453229906,63.48700779767478,0
41.67644426895771,3.3924653000643286,49.23121663878597,51.04210797807515,0
54.71415556386404,1.7499534854010472,56.542130622296234,70.913492417584,0
44.477769557190285,2.288693629279857,77.69587812541064,57.76009668257391,0
56.32931817755511,2.2603218387712207,62.911614464300364,63.04609648822976,0
52.029230208513,1.8656912585294523,52.03178558088602,60.48050628088122,0
34.84255885002768,2.810808273159782,67.2581497678206,57.106614942803255,0
65.47505201330061,2.793488720552213,43.46561775245365,64.92955014519445,0
67.95877673095522,0.25146802676181923,70.22039265664422,62.84390421431978,0
43.87211309515614,3.3043402428781525,66.12910961552652,61.281421177213346,0
46.122984400640156,0.33750801196432567,55.38287293291674,57.71538378319657,0
52.85865390724905,3.0325462043416573,47.421213023291536,68.19524670782955,0
53.34456789987025,3.1267051368275833,46.69978616574814,81.53617268492285,0
56.5854427267283,0.9090335697848018,68.02226004518866,66.39887232839128,0
70.1020453876635,1.5891857120454151,78.43470753733592,74.9611821491113,1
48.2305277250595,0.8942953315140643,50.44038379456808,51.097780748465375,0
42.01702755461546,1.7850789697112646,66.87580055327226,66.57761439293769,0
36.20680771985473,1.6919657158142587,28.69459472096897,54.02631681028933,0
42.69069960058081,2.77966053226934,51.23073404014201,50.23075072468099,0
49.66873027126203,3.3103087461196083,59.53411600693647,57.60628592540964,0
67.94557863517788,3.395683810789956,46.354748745272495,76.91899334413573,0
44.823887009638284,1.437831973421698,45.95240437815606,74.50015828669646,0
52.237879516388986,1.7907781262554723,49.983306652966704,67.430047220544,0
49.83577103927248,0.31656180777904974,64.38289092489559,49.672994401100695,0
61.88393273448084,1.1941299335038114,57.19006472390438,63.03719348612063,0
75.26932425873622,2.9648516330974575,26.42653150012542,68.01700008901736,1
44.69131227079679,3.6155828235482317,28.189497710474008,66.75536229578599,0
45.10560557481778,0.765651128120078,50.89702233214237,46.56206416519254,0
60.44160877069072,1.4075357408471056,66.86529879080328,56.09682151980128,0
56.81891489626312,1.973594243041073,18.78742735912148,64.35922235851284,0
68.46707325736034,2.280161158819607,52.50404735772554,70.3629090951719,0
55.839281853259635,1.1903964800783537,52.106282152238684,43.03872178900053,0
46.40707909212941,2.4240610444640898,80.82506667312671,63.37876024520141,0
55.90654830692309,1.5261606529290839,54.22467282430705,66.43048769878952,0
61.087035805829075,1.985547729121721,65.74483477111393,73.49611988516213,0
58.204821811973645,2.5462842480036993,62.118857101311946,71.92857584237437,0
55.07274031107298,2.0064222698109377,28.04150280289199,70.82571318808806,0
60.666746895891535,1.5636141094734315,71.52310824947605,57.00059493298066,0
61.692955904456724,1.8903901960741691,63.23094758184432,45.91997862876693,0
63.82158991037527,1.9116370407946648,67.62402959511884,61.06947242938599,0
56.48709887589643,1.6299889701178722,118.8935655965449,75.0163182520856,1
48.328819196831454,1.7412039373328976,28.738305907521173,78.93454527524432,0
51.46713686433323,3.5986471705047167,85.87044974641663,72.10549102297786,1
62.06508966508357,2.560919447941239,55.688287208994666,69.29340822801734,0
41.83064329012764,1.7045196819708397,64.30993356604515,68.79639648385965,0
53.686733088729014,2.696954404510736,59.31731632048137,59.43881253239219,0
46.06661187672639,1.66618051024399,53.63645499902935,63.6993970644638,0
50.28744822934817,3.1731246375866413,51.452506076418615,81.6906952582633,0
62.78451862607299,2.3696421921980937,64.94263103359513,55.574419942081235,0
51.910990680199035,1.8926978559957712,37.24239454992481,81.14778790709852,0
50.46436548156149,2.4477169258102776,71.25868751282648,61.77971845507942,0
36.40143859020081,0.4291238479315007,53.757083926721194,78.25432109095078,0
57.46253566027221,0.8732325310901947,43.04895991439463,50.93184990502462,0
56.45484181141075,0.8060749936009446,53.24980713006279,70.8590420116465,0
71.6325472330546,2.142943094763707,78.8572382529386,57.63229864052378,1
46.92221765046999,3.732514999485092,51.96997369475665,50.847328080758125,0
52.19150327663939,4.231300146192632,65.3768042731443,67.18534042410946,1
52.49383683710755,2.638051101440757,49.0356558642679,75.09471788595968,0
65.77453279763475,2.500844474944457,71.3688277488543,56.550585614065035,0
49.047044676130476,0.19894226584726105,70.28261608185306,50.00984039541599,0
52.790215257703395,1.4573262002659781,87.72913249944617,64.08155235665045,1
56.078965097165394,1.212216248091761,57.36654081751177,64.12564671222819,0
51.86609123156358,1.3791524017488839,70.0298220713686,70.48319627554498,0
45.535663854494715,1.8318561814152103,61.47101309308417,74.49594571364489,0
51.94089992898308,1.5279094223028726,79.43807672794522,64.40584818727505,0
60.73631749859772,0.020700189624212273,49.21751418586904,83.55503314794262,0
39.7348470058894,2.747910256117534,71.17507969315922,67.24234744535292,0
51.32969674146876,0.9272569742601935,57.079540558249775,61.535734939931004,0
42.99879185060827,2.2392468641111494,59.037177343372534,48.88432640897172,0
61.950466289248425,4.0740826697499735,61.37628726672559,62.37340479683832,1
34.76813095216225,1.0806154084135766,63.78360594640016,61.63613054588864,0
44.410781527284115,-0.5302875227463297,58.256564353170624,74.6030479628147,0
53.772118750645205,1.7139957781198891,63.22069774755789,69.62483624066854,0
65.65524029234341,3.100959634998571,83.67177086343277,53.206308783673826,0
49.34249738927012,3.958347454220594,74.78174528422828,66.72254386411038,0
44.44800473306802,0.7704504055475832,73.03731888745345,71.71531171729053,0
68.8115706944059,2.4966992232365217,53.16690710964194,80.28031359387833,0
35.51986099583756,1.5346895432199466,46.66138757657514,73.8750396741406,0
28.011940433799182,1.8940516456958643,74.3295083735663,72.60846654311477,0
54.40014450053332,4.644343347017035,73.14070188794692,65.60085994615163,1
44.97945775647389,0.4970296716048468,82.09006013626473,68.8831200542345,0
39.787671828692865,2.2537396614945733,50.94029061046156,77.49504900706158,0
57.08356447299353,2.467693171765433,56.55677016959479,51.6722260252035,0
52.43800713771199,3.085786324939347,35.407737562118484,61.50560672783044,0
44.359213692632714,2.0979831534708953,54.11293340908691,57.27431251243759,0
37.19695601329106,2.3080505395041024,74.94855765869171,68.79153118726124,0
58.724573282801444,1.608351432578209,53.002569311577034,77.30222175650788,0
56.50201177958661,2.269126941245107,69.60719692801236,59.03025713278926,0
49.00824136220617,1.6568077245025896,57.14245341003283,41.09695632530562,0
68.46636996047665,2.621571889856051,64.86085542332341,60.8777925497553,0
39.29915233673847,1.630389663956366,42.78462915276499,74.13473732017407,0
34.74474829075261,2.3771003939021864,61.27814174450852,70.3762990294988,0
43.080919301187556,1.9707371863150216,15.13296043648915,69.28186247810577,0
49.54413983644502,3.126050250772168,57.19655762757023,62.200066981255205,0
52.43339449322692,1.9486062764115137,35.5429013442729,52.209692637802135,0
47.5876394214367,0.22696753179311857,78.08991774820224,70.15294321624468,0
53.520553965142966,3.2619215007139917,71.66111029146766,56.65718189965375,0
37.48460575809556,1.0942676991373812,67.00006472949121,86.84096733380457,0
64.4376460407326,1.3462336613511803,82.8150934073907,70.70507208354516,0
49.178488216074314,1.404338705956508,45.766252187627444,59.19351697446049,0
61.172958315881274,3.3744380931708173,86.21044796873338,58.88614752611372,1
53.42725346377704,-0.1356742139786955,73.98287346390578,64.07055793386412,0
54.567532191537836,5.137748533659994,56.45167069171581,62.6049807797825,1
55.69767280232204,3.056056809066052,77.03430220774416,76.16833775529955,0
54.47708560017315,2.2232389141291597,43.40559731382549,66.86416169744047,0
56.42722759867544,1.9451059993837136,47.632287577084895,57.683682610914715,0
63.29152530132431,2.285554074857657,50.8711541514045,83.90440685155782,0
51.9652116970147,2.5211224283793383,52.06533437903977,65.49308331520223,0
57.09003757588512,2.645215585950057,44.15163535859621,72.68839675968897,0
49.102643057127736,2.5556044660034485,78.34624600642988,58.91773492555241,0
64.40117215449473,2.089580681255249,56.117183994452525,68.63115627744523,0
43.2360769794073,1.802661579692674,65.2875745253532,68.11109991143195,0
68.00940432910815,1.8487267163464882,51.44472950379479,46.10350707903847,0
49.59842049355657,1.805091719647319,32.69095049177224,85.15275110460641,0
35.69224897881952,3.1337700968670648,64.05086037587134,77.90644460922547,0
51.28104414910789,2.5935567222808618,31.316175368703348,61.02804683854012,0
43.18948342525119,-0.9403886346642802,58.97048930871797,53.977302595441444,0
58.406435489887244,2.655900776529761,39.47527441750785,68.47561613803552,0
43.47376020697609,2.1947361947187747,89.80913998846212,65.86697699414397,1
45.538165667852205,1.9812912435541026,73.67044083262083,68.55668948563229,0
31.104592690544692,1.6114815469111141,61.5863068690722,66.9157739619409,0
45.47693680750923,3.1241127199860133,78.95560016482003,70.06240989305925,0
25.761206733710434,2.947526462122858,47.305260338013966,79.47305699391806,0
34.16097176514277,1.2271223321763909,68.15219068005139,70.68103205128646,0
57.604146561442974,2.407052287124535,62.9971565057807,54.50344501090059,0
57.85800158650832,1.0283432654587141,63.96030122000505,78.62562852712452,0
54.254575617849646,0.6203818352110695,79.08530250160152,81.40614563488288,0
40.33023856870787,1.373282775410035,70.98738154169703,96.52056734512085,0
49.5228864385802,2.8623934723827587,64.33085494237535,53.76505966760402,0
49.963974609094315,2.953125045376087,35.17668845657556,67.42882013150275,0
38.416353108074574,2.513085420097293,45.59930557080804,44.17901296811013,0
65.0339830176715,2.725095786847997,58.15936599606414,70.53149156379209,0
58.77362290575671,2.5161782871149585,61.40058561414977,59.517997018332274,0
47.79035826170336,1.3585184047770478,43.046944129891145,84.23445794824953,0
50.26885838994531,2.4319225446739408,96.17515013367631,57.25385029981418,1
52.08382807947552,2.8004095252276824,82.74591082880359,48.10816962032739,0
29.582651315757094,2.754291329813574,69.03177480588725,60.2873625929748,0
47.52822617479403,3.188913371474643,61.08055291925617,45.24512228782862,0
43.180157520022014,2.708303847201064,56.81686545148273,72.5109945450731,0
39.983799901050844,2.351448207541583,45.72122309966647,44.349169537436794,0
47.18899707114045,3.0701502383164274,61.16220777778294,65.28457581183159,0
67.97686526849523,1.97347874075094,63.86628810214126,44.22188180143803,0
56.4084286126701,1.1181253487722822,41.37359136777563,61.79702195463358,0
44.28821010217203,1.8369330360562361,65.01264625867346,81.43378155804534,0
55.72582781356159,1.255097355193551,57.67111426762877,68.60647891435795,0
